{"cameraMode":{"drawMode":0,"name":"Shaded","section":"Shading Mode"},"sceneLighting":false,"audioPlay":false,"sceneViewState":{"showFog":true,"showMaterialUpdate":false,"showSkybox":false,"showFlares":true,"showImageEffects":true,"showParticleSystems":true,"showVisualEffectGraphs":true,"m_FxEnabled":true},"in2DMode":false,"pivot":{"x":35.929805755615237,"y":9.388092041015625,"z":-0.49292945861816409},"rotation":{"x":0.022525643929839135,"y":-0.9840548634529114,"z":0.14529316127300263,"w":0.10693710297346115},"size":15.377021789550782,"orthographic":false}