{"cameraMode":{"drawMode":0,"name":"Shaded","section":"Shading Mode"},"sceneLighting":false,"audioPlay":false,"sceneViewState":{"showFog":true,"showMaterialUpdate":false,"showSkybox":false,"showFlares":true,"showImageEffects":true,"showParticleSystems":true,"showVisualEffectGraphs":true,"m_FxEnabled":true},"in2DMode":false,"pivot":{"x":-2.1023950576782228,"y":1.9541220664978028,"z":-3.937761068344116},"rotation":{"x":-0.23386192321777345,"y":0.09955042600631714,"z":-0.024064848199486734,"w":-0.9668933153152466},"size":10.981111526489258,"orthographic":false}