{"cameraMode":{"drawMode":0,"name":"Shaded","section":"Shading Mode"},"sceneLighting":false,"audioPlay":false,"sceneViewState":{"showFog":true,"showMaterialUpdate":false,"showSkybox":false,"showFlares":true,"showImageEffects":true,"showParticleSystems":true,"showVisualEffectGraphs":true,"m_FxEnabled":true},"in2DMode":false,"pivot":{"x":-0.015189409255981446,"y":3.3925576210021974,"z":-0.00026226043701171875},"rotation":{"x":0.03453226760029793,"y":0.897956907749176,"z":-0.07188572734594345,"w":0.433493971824646},"size":3.1550962924957277,"orthographic":false}