{"cameraMode":{"drawMode":0,"name":"Shaded","section":"Shading Mode"},"sceneLighting":false,"audioPlay":false,"sceneViewState":{"showFog":true,"showMaterialUpdate":false,"showSkybox":false,"showFlares":true,"showImageEffects":true,"showParticleSystems":true,"showVisualEffectGraphs":true,"m_FxEnabled":true},"in2DMode":false,"pivot":{"x":-1.5727319717407227,"y":-0.040533825755119327,"z":-1.620897889137268},"rotation":{"x":0.21435247361660005,"y":-0.4110730290412903,"z":0.10005781799554825,"w":0.8804185390472412},"size":2.2843058109283449,"orthographic":false}